Model,MAE,MSE,RMSE,R2_Score
Linear Regression,26248.74461032847,973334392.6791135,31198.30752908102,-0.19364687567046346
Decision Tree,26341.999840671946,984663593.9616439,31379.34980144815,-0.20754042121498273
Random Forest,26224.656772251456,973271666.2655798,31197.302227365428,-0.1935699512464426
