,Budget,Revenue_Generated
Budget,1.0,-0.02147060197057577
Revenue_Generated,-0.02147060197057577,1.0
